<ImportExportXml xmlns:xsi="http://www.w3.org/2001/XMLSchema-instance">
  <Entities></Entities>
  <Roles></Roles>
  <Workflows>
    <Workflow WorkflowId="{9f229876-bd02-40f7-be18-bd47b261e536}" Name="GKN_P2PReporting_DB_Insert">
      <JsonFileName>/Workflows/GKN_P2PReporting_DB_Insert-9F229876-BD02-40F7-BE18-BD47B261E536.json</JsonFileName>
      <Type>1</Type>
      <Subprocess>0</Subprocess>
      <Category>6</Category>
      <Mode>0</Mode>
      <Scope>4</Scope>
      <OnDemand>0</OnDemand>
      <TriggerOnCreate>0</TriggerOnCreate>
      <TriggerOnDelete>0</TriggerOnDelete>
      <AsyncAutodelete>0</AsyncAutodelete>
      <SyncWorkflowLogOnFailure>0</SyncWorkflowLogOnFailure>
      <StateCode>1</StateCode>
      <StatusCode>2</StatusCode>
      <RunAs>1</RunAs>
      <IsTransacted>1</IsTransacted>
      <IntroducedVersion>1.0</IntroducedVersion>
      <UIFlowType>2</UIFlowType>
      <IsCustomProcessingStepAllowedForOtherPublishers>1</IsCustomProcessingStepAllowedForOtherPublishers>
      <Metadata>{"isvalid":true,"schemaVersion":"ROBIN_20211012","containsActiveConnections":false}</Metadata>
      <Inputs>{"schema":null}</Inputs>
      <Outputs>{"schema":null}</Outputs>
      <Dependencies>{"childFlows":["2515ae6f-2777-ee11-8179-6045bd8eaad3"],"workQueues":[]}</Dependencies>
      <ConnectionReferences>[]</ConnectionReferences>
      <Definition>"@@ConnectionString: ''\r\n@@Type: 'Local'\r\n@@DesktopType: 'local'\r\n@@DisplayName: 'Local computer'\r\nIMPORT 'controlRepo.appmask' AS appmask\r\nIMPORT 'imageRepo.imgrepo' AS imgrepo\r\n@SENSITIVE: []\r\nDateTime.GetCurrentDateTime.Local DateTimeFormat: DateTime.DateTimeFormat.DateAndTime CurrentDateTime=&gt; timestampCurrentDateTime\r\nSystem.GetEnvironmentVariable.GetEnvironmentVariable Name: $'''USERNAME''' Value=&gt; struserName\r\n@@flowname: 'GKN_GetCredentialFromVault'\r\nExternal.RunFlow FlowId: '2515ae6f-2777-ee11-8179-6045bd8eaad3' @CredentialName: $'''SQLServerPWD''' @ExceptionFlag=&gt; boolexceptionFlag4 @CredentialValue=&gt; strCredentialValue @ExceptionReason=&gt; strexceptionReason\r\nSET strDBPassword TO strCredentialValue\r\nText.Trim Text: strDBPassword TrimOption: Text.TrimOption.Both TrimmedText=&gt; strDBPassword\r\n@@flowname: 'GKN_GetCredentialFromVault'\r\nExternal.RunFlow FlowId: '2515ae6f-2777-ee11-8179-6045bd8eaad3' @CredentialName: $'''SQLServerNamePRD''' @ExceptionFlag=&gt; boolexceptionFlag4 @CredentialValue=&gt; strCredentialValue @ExceptionReason=&gt; strexceptionReason\r\nSET strsQLServerName TO strCredentialValue\r\nText.Trim Text: strsQLServerName TrimOption: Text.TrimOption.Both TrimmedText=&gt; strsQLServerName\r\n@@flowname: 'GKN_GetCredentialFromVault'\r\nExternal.RunFlow FlowId: '2515ae6f-2777-ee11-8179-6045bd8eaad3' @CredentialName: $'''SQLDatabaseNamePRD''' @ExceptionFlag=&gt; boolexceptionFlag4 @CredentialValue=&gt; strCredentialValue @ExceptionReason=&gt; strexceptionReason\r\nSET strDBName TO strCredentialValue\r\nText.Trim Text: strDBName TrimOption: Text.TrimOption.Both TrimmedText=&gt; strDBName\r\nSET strDBConnectionString TO $'''Provider=SQLOLEDB;Password=%strDBPassword%;Persist Security Info=True;User ID=powerautorpaservice;Initial Catalog=%strDBName%;Data Source=%strsQLServerName%'''\r\nDatabase.Connect ConnectionString: strDBConnectionString Connection=&gt; P2PDatabaseConnection\r\nDateTime.GetCurrentDateTime.Local DateTimeFormat: DateTime.DateTimeFormat.DateAndTime CurrentDateTime=&gt; timestampCurrentDateTime\r\nDatabase.ExecuteSqlStatement.Execute Connection: P2PDatabaseConnection Statement: $'''select AssetName,AssetValue from P2PAsset''' Timeout: 30 Result=&gt; dbresultP2PAssets\r\nLOOP FOREACH streachAsset IN dbresultP2PAssets\r\n    IF Contains(streachAsset[0], $'''ProcessingFolder''', True) THEN\r\n        SET strProcessingFolder TO streachAsset[1]\r\n        NEXT LOOP\r\n    END\r\nEND\r\nFolder.GetFiles Folder: strProcessingFolder FileFilter: $'''*.xlsx''' IncludeSubfolders: False FailOnAccessDenied: True SortBy1: Folder.SortBy.CreationTime SortDescending1: True SortBy2: Folder.SortBy.NoSort SortDescending2: False SortBy3: Folder.SortBy.NoSort SortDescending3: False Files=&gt; listretrievedInputFiles\r\nLOOP FOREACH strretrievedInputFile IN listretrievedInputFiles\r\n    SET strrepProcessingFile TO strretrievedInputFile.FullName\r\n    EXIT LOOP\r\nEND\r\nDatabase.ExecuteSqlStatement.Execute Connection: P2PDatabaseConnection Statement: $'''SELECT FORMAT(GETDATE(), \\'yyyy-MM-dd_HH_mm_ss\\') AS CurrentDateTime;''' Timeout: 30 Result=&gt; strcurrentDateTime\r\nText.Trim Text: strcurrentDateTime TrimOption: Text.TrimOption.Both TrimmedText=&gt; strcurrentDateTime\r\nSET strcurrentLogFile TO $'''%strProcessingFolder%\\\\Logs\\\\Log_%strcurrentDateTime%.txt'''\r\nDateTime.GetCurrentDateTime.Local DateTimeFormat: DateTime.DateTimeFormat.DateAndTime CurrentDateTime=&gt; timestampCurrentDateTime\r\nFile.WriteText File: strcurrentLogFile TextToWrite: $'''%timestampCurrentDateTime% -- Started Data base Insertion''' AppendNewLine: True IfFileExists: File.IfFileExists.Append Encoding: File.FileEncoding.Unicode\r\nExcel.LaunchExcel.LaunchAndOpenUnderExistingProcess Path: strrepProcessingFile Visible: False ReadOnly: True Instance=&gt; ExcelInstance\r\nExcel.ReadFromExcel.ReadAllCells Instance: ExcelInstance ReadAsText: False FirstLineIsHeader: True RangeValue=&gt; ExcelData\r\nLOOP FOREACH CurrentItem IN ExcelData\r\n    SET strsite TO CurrentItem[16]\r\n    SET strsupplierCode TO CurrentItem[0]\r\n    SET strsupplierName TO CurrentItem[1]\r\n    Text.Replace Text: strsupplierName TextToFind: $'''\\\"''' IsRegEx: False IgnoreCase: False ReplaceWith: $'''\\'''' ActivateEscapeSequences: False Result=&gt; strsupplierName\r\n    Text.Replace Text: strsupplierName TextToFind: $'''\\'''' IsRegEx: False IgnoreCase: False ReplaceWith: $'''_''' ActivateEscapeSequences: False Result=&gt; strsupplierName\r\n    SET strinvoiceNum TO CurrentItem[2]\r\n    Text.Replace Text: strinvoiceNum TextToFind: $'''\\\"''' IsRegEx: False IgnoreCase: False ReplaceWith: $'''\\'''' ActivateEscapeSequences: False Result=&gt; strinvoiceNum\r\n    Text.Replace Text: strinvoiceNum TextToFind: $'''\\'''' IsRegEx: False IgnoreCase: False ReplaceWith: $'''_''' ActivateEscapeSequences: False Result=&gt; strinvoiceNum\r\n    SET strinvoiceCur TO CurrentItem[3]\r\n    SET datereceivedDate TO CurrentItem[4]\r\n    SET dateinvoiceDate TO CurrentItem[5]\r\n    SET numinvAmtPri TO CurrentItem[6]\r\n    SET strReasonComment TO CurrentItem[7]\r\n    Text.Replace Text: strReasonComment TextToFind: $'''\\\"''' IsRegEx: False IgnoreCase: False ReplaceWith: $'''\\'''' ActivateEscapeSequences: False Result=&gt; strReasonComment\r\n    Text.Replace Text: strReasonComment TextToFind: $'''\\'''' IsRegEx: False IgnoreCase: False ReplaceWith: $'''_''' ActivateEscapeSequences: False Result=&gt; strReasonComment\r\n    SET datedueDate TO CurrentItem[8]\r\n    SET datepaymentRunDate TO CurrentItem[9]\r\n    SET strpoNumber TO CurrentItem[10]\r\n    SET strinvoiceStatus TO CurrentItem[11]\r\n    SET numinvAmtSec TO CurrentItem[12]\r\n    SET daterecDateSec TO CurrentItem[13]\r\n    SET strreasonCommentSec TO CurrentItem[14]\r\n    Text.Replace Text: strreasonCommentSec TextToFind: $'''\\\"''' IsRegEx: False IgnoreCase: False ReplaceWith: $'''\\'''' ActivateEscapeSequences: False Result=&gt; strreasonCommentSec\r\n    Text.Replace Text: strreasonCommentSec TextToFind: $'''\\'''' IsRegEx: False IgnoreCase: False ReplaceWith: $'''_''' ActivateEscapeSequences: False Result=&gt; strreasonCommentSec\r\n    SET strpaymentTermsCode TO CurrentItem[15]\r\n    SET strreportingDate TO CurrentItem[17]\r\n    SET Exception TO $'''False'''\r\n    BLOCK \r\nON BLOCK ERROR\r\n    SET Exception TO $'''True'''\r\nEND\r\n        IF Contains(strsite, $'''1618-BRU''', True) THEN\r\n            IF Contains(strsite, $'''Wingest''', True) THEN\r\n                Database.ExecuteSqlStatement.Execute Connection: P2PDatabaseConnection Statement: $'''insert into P2PRawData values(\\'%strsupplierCode%\\',\\'%strsupplierName%\\', \\'%strinvoiceNum%\\', \\'%strinvoiceCur%\\', \r\ndbo.P2PParseDate(\\'%datereceivedDate%\\'),dbo.P2PParseDate(\\'%dateinvoiceDate%\\'),dbo.P2PParseInvoiceAmount(\\'%numinvAmtPri%\\'),\\'%strReasonComment%\\', dbo.P2PParseDate(\\'%datedueDate%\\') , dbo.P2PParseDate(\\'%datepaymentRunDate%\\'),\\'%strpoNumber%\\',\r\n\\'%strinvoiceStatus%\\', dbo.P2PParseInvoiceAmount(\\'%numinvAmtSec%\\') , dbo.P2PParseDate(\\'%daterecDateSec%\\'),\\'%strreasonCommentSec%\\',\r\n\\'%strpaymentTermsCode%\\',\\'1618-BRU\\',\\'%strreportingDate%\\',CAST(GETDATE() AS DATE),\\'New\\',\\'Wingest\\')''' Timeout: 30 Result=&gt; QueryResult2\r\n            ELSE\r\n                Database.ExecuteSqlStatement.Execute Connection: P2PDatabaseConnection Statement: $'''insert into P2PRawData values(\\'%strsupplierCode%\\',\\'%strsupplierName%\\', \\'%strinvoiceNum%\\', \\'%strinvoiceCur%\\', \r\ndbo.P2PParseDate(\\'%datereceivedDate%\\'),dbo.P2PParseDate(\\'%dateinvoiceDate%\\'),dbo.P2PParseInvoiceAmount(\\'%numinvAmtPri%\\'),\\'%strReasonComment%\\', dbo.P2PParseDate(\\'%datedueDate%\\') , dbo.P2PParseDate(\\'%datepaymentRunDate%\\'),\\'%strpoNumber%\\',\r\n\\'%strinvoiceStatus%\\', dbo.P2PParseInvoiceAmount(\\'%numinvAmtSec%\\') , dbo.P2PParseDate(\\'%daterecDateSec%\\'),\\'%strreasonCommentSec%\\',\r\n\\'%strpaymentTermsCode%\\',\\'1618-BRU\\',\\'%strreportingDate%\\',CAST(GETDATE() AS DATE),\\'New\\',\\'D3\\')''' Timeout: 30 Result=&gt; QueryResult2\r\n            END\r\n        ELSE\r\n            Database.ExecuteSqlStatement.Execute Connection: P2PDatabaseConnection Statement: $'''insert into P2PRawData values(\\'%strsupplierCode%\\',\\'%strsupplierName%\\', \\'%strinvoiceNum%\\', \\'%strinvoiceCur%\\', \r\ndbo.P2PParseDate(\\'%datereceivedDate%\\'),dbo.P2PParseDate(\\'%dateinvoiceDate%\\'),dbo.P2PParseInvoiceAmount(\\'%numinvAmtPri%\\'),\\'%strReasonComment%\\', dbo.P2PParseDate(\\'%datedueDate%\\') , dbo.P2PParseDate(\\'%datepaymentRunDate%\\'),\\'%strpoNumber%\\',\r\n\\'%strinvoiceStatus%\\', dbo.P2PParseInvoiceAmount(\\'%numinvAmtSec%\\') , dbo.P2PParseDate(\\'%daterecDateSec%\\'),\\'%strreasonCommentSec%\\',\r\n\\'%strpaymentTermsCode%\\',\\'%strsite%\\',\\'%strreportingDate%\\',CAST(GETDATE() AS DATE),\\'New\\',NULL)''' Timeout: 30 Result=&gt; QueryResult2\r\n        END\r\n    END\r\n    IF Exception = $'''True''' THEN\r\n        File.WriteText File: strcurrentLogFile TextToWrite: $'''--------------------------------------------------\r\n%timestampCurrentDateTime% -- Error in InsertDatatoDatabase Sub Flow - Query failed - insert into P2PRawData values(\\'%strsupplierCode%\\',\\'%strsupplierName%\\', \\'%strinvoiceNum%\\', \\'%strinvoiceCur%\\', \r\ndbo.P2PParseDate(\\'%datereceivedDate%\\'),dbo.P2PParseDate(\\'%dateinvoiceDate%\\'),dbo.P2PParseInvoiceAmount(\\'%numinvAmtPri%\\'),\\'%strReasonComment%\\', \r\ndbo.P2PParseDate(\\'%datedueDate%\\') , dbo.P2PParseDate(\\'%datepaymentRunDate%\\'),\\'%strpoNumber%\\',\\'%strinvoiceStatus%\\', \r\ndbo.P2PParseInvoiceAmount(\\'%numinvAmtSec%\\') , dbo.P2PParseDate(\\'%daterecDateSec%\\'),\\'%strreasonCommentSec%\\',\r\n\\'%strpaymentTermsCode%\\',\\'%strsite%\\',\\'%strreportingDate%\\',CAST(GETDATE() AS DATE),\\'New\\',NULL)\r\n----------------------------------------------------''' AppendNewLine: True IfFileExists: File.IfFileExists.Append Encoding: File.FileEncoding.Unicode\r\n    END\r\nEND\r\nExcel.CloseExcel.Close Instance: ExcelInstance\r\nDateTime.GetCurrentDateTime.Local DateTimeFormat: DateTime.DateTimeFormat.DateAndTime CurrentDateTime=&gt; timestampCurrentDateTime\r\nFile.WriteText File: strcurrentLogFile TextToWrite: $'''%timestampCurrentDateTime% -- Completed Data base Insertion''' AppendNewLine: True IfFileExists: File.IfFileExists.Append Encoding: File.FileEncoding.Unicode\r\nDatabase.Close Connection: P2PDatabaseConnection\r\n"</Definition>
      <SchemaVersion>2022.06</SchemaVersion>
      <DesktopFlowModules>[]</DesktopFlowModules>
      <PrimaryEntity>none</PrimaryEntity>
      <LocalizedNames>
        <LocalizedName languagecode="1033" description="GKN_P2PReporting_DB_Insert" />
      </LocalizedNames>
    </Workflow>
    <Workflow WorkflowId="{c6b0335a-9a07-4e82-a7b8-fc9aaa0f47d9}" Name="GKN_P2PReporting_Main">
      <JsonFileName>/Workflows/GKN_P2PReporting_Main-C6B0335A-9A07-4E82-A7B8-FC9AAA0F47D9.json</JsonFileName>
      <Type>1</Type>
      <Subprocess>0</Subprocess>
      <Category>6</Category>
      <Mode>0</Mode>
      <Scope>4</Scope>
      <OnDemand>0</OnDemand>
      <TriggerOnCreate>0</TriggerOnCreate>
      <TriggerOnDelete>0</TriggerOnDelete>
      <AsyncAutodelete>0</AsyncAutodelete>
      <SyncWorkflowLogOnFailure>0</SyncWorkflowLogOnFailure>
      <StateCode>1</StateCode>
      <StatusCode>2</StatusCode>
      <RunAs>1</RunAs>
      <IsTransacted>1</IsTransacted>
      <IntroducedVersion>1.0</IntroducedVersion>
      <UIFlowType>2</UIFlowType>
      <IsCustomProcessingStepAllowedForOtherPublishers>1</IsCustomProcessingStepAllowedForOtherPublishers>
      <Metadata>{"isvalid":true,"schemaVersion":"ROBIN_20211012","containsActiveConnections":false}</Metadata>
      <Inputs>{"schema":null}</Inputs>
      <Outputs>{"schema":null}</Outputs>
      <Dependencies>{"childFlows":["2515ae6f-2777-ee11-8179-6045bd8eaad3"],"workQueues":[]}</Dependencies>
      <ConnectionReferences>[]</ConnectionReferences>
      <Definition>"@@ConnectionString: ''\r\n@@Type: 'Local'\r\n@@DesktopType: 'local'\r\n@@DisplayName: 'Local computer'\r\nIMPORT 'controlRepo.appmask' AS appmask\r\nIMPORT 'imageRepo.imgrepo' AS imgrepo\r\n@SENSITIVE: []\r\nBLOCK \r\nON BLOCK ERROR all\r\n    THROW ERROR\r\nEND\r\n    # Fetch the Asset variables from the SQL Database and Load into variables\r\n    CALL Initialization\r\n    CALL ProcessAllRepUnits\r\n    DISABLE CALL InsertDatatoDatabase\r\nEND\r\nFUNCTION Initialization GLOBAL\r\n    BLOCK Error_ReadConfig\r\nON BLOCK ERROR all\r\n    SET bool TO $'''True'''\r\n    CALL Exception\r\n    THROW ERROR\r\nEND\r\n        Logging.LogMessage Message: $'''Initialization Block Execution Started''' LogLevel: Logging.LogLevel.InfoLevel\r\n        System.GetEnvironmentVariable.GetEnvironmentVariable Name: $'''USERNAME''' Value=&gt; struserName\r\n        @@flowname: 'GKN_GetCredentialFromVault'\r\nExternal.RunFlow FlowId: '2515ae6f-2777-ee11-8179-6045bd8eaad3' @CredentialName: $'''SQLServerPWD''' @ExceptionFlag=&gt; boolexceptionFlag4 @CredentialValue=&gt; strCredentialValue @ExceptionReason=&gt; strexceptionReason\r\n        SET strDBPassword TO strCredentialValue\r\n        Text.Trim Text: strDBPassword TrimOption: Text.TrimOption.Both TrimmedText=&gt; strDBPassword\r\n        @@flowname: 'GKN_GetCredentialFromVault'\r\nExternal.RunFlow FlowId: '2515ae6f-2777-ee11-8179-6045bd8eaad3' @CredentialName: $'''SQLServerNamePRD''' @ExceptionFlag=&gt; boolexceptionFlag4 @CredentialValue=&gt; strCredentialValue @ExceptionReason=&gt; strexceptionReason\r\n        SET strsQLServerName TO strCredentialValue\r\n        Text.Trim Text: strsQLServerName TrimOption: Text.TrimOption.Both TrimmedText=&gt; strsQLServerName\r\n        @@flowname: 'GKN_GetCredentialFromVault'\r\nExternal.RunFlow FlowId: '2515ae6f-2777-ee11-8179-6045bd8eaad3' @CredentialName: $'''SQLDatabaseNamePRD''' @ExceptionFlag=&gt; boolexceptionFlag4 @CredentialValue=&gt; strCredentialValue @ExceptionReason=&gt; strexceptionReason\r\n        SET strDBName TO strCredentialValue\r\n        Text.Trim Text: strDBName TrimOption: Text.TrimOption.Both TrimmedText=&gt; strDBName\r\n        SET strDBConnectionString TO $'''Provider=SQLOLEDB;Password=%strDBPassword%;Persist Security Info=True;User ID=powerautorpaservice;Initial Catalog=%strDBName%;Data Source=%strsQLServerName%'''\r\n        DISABLE SET strDBConnectionString TO $'''Provider=SQLOLEDB;Password=Jwi$28KqNu23Dre;Persist Security Info=True;User ID=powerautorpaservice;Initial Catalog=gkninvoicesubmission_test;Data Source=dlbrusr207'''\r\n        Database.Connect ConnectionString: strDBConnectionString Connection=&gt; dbconnectionP2P\r\n        # ************* Fetch current year\r\n        Database.ExecuteSqlStatement.Execute Connection: dbconnectionP2P Statement: $'''SELECT  CASE WHEN MONTH(GETDATE()) = 1 THEN YEAR(GETDATE()) - 1  ELSE YEAR(GETDATE()) END AS YearInYYYYFormat''' Timeout: 30 Result=&gt; stryearToBeProcessed\r\n        Text.Trim Text: stryearToBeProcessed TrimOption: Text.TrimOption.Both TrimmedText=&gt; stryearToBeProcessed\r\n        # ************* Fetch month to be processed\r\n        Database.ExecuteSqlStatement.Execute Connection: dbconnectionP2P Statement: $'''SELECT \r\n    CONCAT(\r\n        FORMAT(CASE WHEN MONTH(GETDATE()) = 1 THEN 12 ELSE MONTH(GETDATE()) - 1 END, \\'00\\'), \r\n        \\' - \\', \r\n        CASE WHEN MONTH(GETDATE()) = 1 THEN \\'December\\' ELSE FORMAT(DATEADD(MONTH, -1, GETDATE()), \\'MMMM\\') END\r\n    ) AS PreviousMonthInMMMonthFormat''' Timeout: 30 Result=&gt; strmonthToBeProcessed\r\n        Text.Trim Text: strmonthToBeProcessed TrimOption: Text.TrimOption.Both TrimmedText=&gt; strmonthToBeProcessed\r\n        # ************* Fetch current time to rename the template file\r\n        Database.ExecuteSqlStatement.Execute Connection: dbconnectionP2P Statement: $'''SELECT FORMAT(GETDATE(), \\'yyyy-MM-dd_HH_mm_ss\\') AS CurrentDateTime;''' Timeout: 30 Result=&gt; strcurrentDateTime\r\n        Text.Trim Text: strcurrentDateTime TrimOption: Text.TrimOption.Both TrimmedText=&gt; strcurrentDateTime\r\n        # ************* Fetch all asset variables for US region\r\n        Database.ExecuteSqlStatement.Execute Connection: dbconnectionP2P Statement: $'''select AssetName,AssetValue from P2PAsset''' Timeout: 30 Result=&gt; dbresultP2PAssets\r\n        LOOP FOREACH streachAsset IN dbresultP2PAssets\r\n            IF Contains(streachAsset[0], $'''InputFilePath''', True) THEN\r\n                SET strInputRootPath TO streachAsset[1]\r\n                Text.Replace Text: strInputRootPath TextToFind: $'''&lt;Year&gt;\\\\&lt;Month&gt;''' IsRegEx: False IgnoreCase: False ReplaceWith: $'''%stryearToBeProcessed%\\\\%strmonthToBeProcessed%''' ActivateEscapeSequences: False Result=&gt; strInputActualPath\r\n                Text.Replace Text: strInputActualPath TextToFind: $'''&lt;CurrentUser&gt;''' IsRegEx: False IgnoreCase: False ReplaceWith: struserName ActivateEscapeSequences: False Result=&gt; strInputActualPath\r\n                DISABLE SET strInputActualPath TO $'''C:\\\\Users\\\\dharanidhar.sunkari\\\\GKN plc\\\\AP GBS team - General\\\\04. AP - Tracking File\\\\2023\\\\11 - November'''\r\n                NEXT LOOP\r\n            END\r\n            IF Contains(streachAsset[0], $'''ProcessingFolder''', True) THEN\r\n                SET strProcessingFolder TO streachAsset[1]\r\n                NEXT LOOP\r\n            END\r\n            IF Contains(streachAsset[0], $'''TemplateFilePath''', True) THEN\r\n                SET strTemplateFilePath TO streachAsset[1]\r\n                NEXT LOOP\r\n            END\r\n        END\r\n        Database.Close Connection: dbconnectionP2P\r\n        SET strcurrentLogFile TO $'''%strProcessingFolder%\\\\Logs\\\\Log_%strcurrentDateTime%.txt'''\r\n        DateTime.GetCurrentDateTime.Local DateTimeFormat: DateTime.DateTimeFormat.DateAndTime CurrentDateTime=&gt; timestampCurrentDateTime\r\n    END\r\nEND FUNCTION\r\nFUNCTION Exception GLOBAL\r\n    BLOCK Error_Exception\r\nON BLOCK ERROR\r\n    THROW ERROR\r\nEND\r\n        ERROR =&gt; errorlastException Reset: True\r\n        Logging.LogMessage Message: $'''Below are the details about Exception Encountered  \r\nSubFlow - %errorlastException.SubflowName%\r\nException Reason -  %errorlastException.ErrorDetails%''' LogLevel: Logging.LogLevel.ErrorLevel\r\n        @@flowname: 'GraphAPI_SendEmail'\r\nDISABLE External.RunFlow FlowId: 'b910567c-202b-4ee3-b072-ce177a6bada5' @AttachmentFilePath: $'''''' @SendEmailTo: ReportEmailReceipients @SendEmailBody: $'''Hello,&lt;br&gt;&lt;br&gt;Exception Occured in SubFlow - %errorlastException.SubflowName% , Exception Reason -  %errorlastException.ErrorDetails%&lt;br&gt;&lt;br&gt;Kind regards,&lt;br&gt;RPA BOT''' @SendEmailSubject: $'''Error : P2P Reporting BOT''' @MailBox: MailBox @ExceptionFlag=&gt; boolexceptionFlag4 @SendEmailResponse=&gt; SendEmailResponse2\r\n    END\r\nEND FUNCTION\r\nFUNCTION ProcessAllRepUnits GLOBAL\r\n    BLOCK \r\nON BLOCK ERROR\r\n    SET boolexceptionFlag TO $'''True'''\r\n    THROW ERROR\r\nEND\r\n        DISABLE File.WriteText File: strcurrentLogFile TextToWrite: $'''%timestampCurrentDateTime% -- Starting ProcessAllRepUnits Sub Flow''' AppendNewLine: True IfFileExists: File.IfFileExists.Append Encoding: File.FileEncoding.Unicode\r\n        DateTime.GetCurrentDateTime.Local DateTimeFormat: DateTime.DateTimeFormat.DateAndTime CurrentDateTime=&gt; timestampCurrentDateTime\r\n        SET strBlankRow TO 2\r\n        File.Copy Files: strTemplateFilePath Destination: strProcessingFolder IfFileExists: File.IfExists.DoNothing CopiedFiles=&gt; strcopiedFiles\r\n        File.RenameFiles.Rename Files: $'''%strProcessingFolder%\\\\RawDataConsolidated.xlsx''' NewName: $'''RawData_%strcurrentDateTime%''' KeepExtension: True IfFileExists: File.IfExists.DoNothing RenamedFiles=&gt; strrenamedFiles\r\n        SET strcurrentProcessingFile TO $'''%strProcessingFolder%\\\\RawData_%strcurrentDateTime%.xlsx'''\r\n        Database.Connect ConnectionString: strDBConnectionString Connection=&gt; dbconnectionP2P\r\n        Database.ExecuteSqlStatement.Execute Connection: dbconnectionP2P Statement: $'''INSERT INTO P2PTransactions (RepUnit, status) SELECT RepUnit, \\'New\\' AS status FROM P2PExtractionMapping order by RepUnit;''' Timeout: 30 Result=&gt; dbqueryResult\r\n        Database.ExecuteSqlStatement.Execute Connection: dbconnectionP2P Statement: $'''select repunit from P2PTransactions where Status = \\'New\\'''' Timeout: 30 Result=&gt; listrepUnitsToBeProcessed\r\n        LOOP FOREACH streachRepUnit IN listrepUnitsToBeProcessed\r\n            WAIT 2\r\n            Text.Trim Text: streachRepUnit TrimOption: Text.TrimOption.Both TrimmedText=&gt; streachRepUnit\r\n            Database.ExecuteSqlStatement.Execute Connection: dbconnectionP2P Statement: $'''UPDATE P2PTransactions SET status = \\'In-Progress\\', StartTime = GETDATE() , LastUpdatedOn = GETDATE() WHERE RepUnit = \\'%streachRepUnit%\\' AND TransactionId = (SELECT MAX(TransactionId) FROM P2PTransactions WHERE RepUnit = \\'%streachRepUnit%\\');''' Timeout: 30 Result=&gt; strUpdateP2PTransaction\r\n            CALL IdentifyInputFile\r\n            Database.ExecuteSqlStatement.Execute Connection: dbconnectionP2P Statement: $'''SELECT CONCAT(SupplierCode, \\',\\', SupplierName, \\',\\', InvoiceNumber, \\',\\', InvoiceCurrency, \\',\\', ReceivedDate, \\',\\', InvoiceDate, \\',\\', InvoiceAmountPrimary, \\',\\', Reason_Comment, \\',\\', DueDate, \\',\\', PaymentRunDate, \\',\\', PONumber, \\',\\', InvoiceStatus, \\',\\', InvoiceAmountSecondary, \\',\\', ReceivedDateSecondary, \\',\\', Reason_Comment_Secondary, \\',\\', PaymentTermsCode) AS Result\r\nFROM P2PExtractionMapping WHERE RepUnit = \\'%streachRepUnit%\\';''' Timeout: 30 Result=&gt; listcommaSeparatedMappingCols\r\n            Text.Trim Text: streachRepUnit TrimOption: Text.TrimOption.Both TrimmedText=&gt; streachRepUnit\r\n            Text.Trim Text: listcommaSeparatedMappingCols TrimOption: Text.TrimOption.Both TrimmedText=&gt; listcommaSeparatedMappingCols\r\n            Database.ExecuteSqlStatement.Execute Connection: dbconnectionP2P Statement: $'''select sheetname,startdatarow from P2PRepUnitExcelMapping where repunit = \\'%streachRepUnit%\\'''' Timeout: 30 Result=&gt; strinputExcelSheetAndRow\r\n            Text.Trim Text: strinputExcelSheetAndRow TrimOption: Text.TrimOption.Both TrimmedText=&gt; strinputExcelSheetAndRow\r\n            IF NotContains(strrepUnitInputFile, $'''.xlsx''', True) THEN\r\n                Database.ExecuteSqlStatement.Execute Connection: dbconnectionP2P Statement: $'''UPDATE P2PTransactions SET status = \\'Error\\', LastUpdatedOn = GETDATE(), EndTime = GETDATE() , ErrorType=\\'Business\\' , ErrorDescription =\\'File Not Found\\'\r\nWHERE RepUnit = \\'%streachRepUnit%\\'  AND TransactionId = (SELECT MAX(TransactionId) FROM P2PTransactions WHERE RepUnit = \\'%streachRepUnit%\\');''' Timeout: 30 Result=&gt; strUpdateP2PTransaction\r\n            ELSE\r\n                CALL ExtractData\r\n                IF Contains(strvbScriptError, $'''error''', True) THEN\r\n                    Database.ExecuteSqlStatement.Execute Connection: dbconnectionP2P Statement: $'''UPDATE P2PTransactions SET status = \\'Error\\', LastUpdatedOn = GETDATE(), EndTime = GETDATE() , ErrorType=\\'Technical\\' , ErrorDescription =\\'Script Error\\'\r\nWHERE RepUnit = \\'%streachRepUnit%\\'  AND TransactionId = (SELECT MAX(TransactionId) FROM P2PTransactions WHERE RepUnit = \\'%streachRepUnit%\\');''' Timeout: 30 Result=&gt; strUpdateP2PTransaction\r\n                ELSE\r\n                    Database.ExecuteSqlStatement.Execute Connection: dbconnectionP2P Statement: $'''UPDATE P2PTransactions SET status = \\'Completed\\', LastUpdatedOn = GETDATE(), EndTime = GETDATE() WHERE RepUnit = \\'%streachRepUnit%\\'  AND TransactionId = (SELECT MAX(TransactionId) FROM P2PTransactions WHERE RepUnit = \\'%streachRepUnit%\\');''' Timeout: 30 Result=&gt; strUpdateP2PTransaction\r\n                END\r\n            END\r\n            Excel.LaunchExcel.LaunchAndOpenUnderExistingProcess Path: strcurrentProcessingFile Visible: False ReadOnly: True Instance=&gt; strexcelInstance\r\n            Excel.ReadFromExcel.ReadAllCells Instance: strexcelInstance ReadAsText: False FirstLineIsHeader: False RangeValue=&gt; strexcelData\r\n            Excel.CloseExcel.Close Instance: strexcelInstance\r\n            SET strBlankRow TO $'''%strexcelData.RowsCount% + 1'''\r\n        END\r\n        Database.Close Connection: dbconnectionP2P\r\n        DateTime.GetCurrentDateTime.Local DateTimeFormat: DateTime.DateTimeFormat.DateAndTime CurrentDateTime=&gt; timestampCurrentDateTime\r\n        DISABLE File.WriteText File: strcurrentLogFile TextToWrite: $'''%timestampCurrentDateTime% -- Completed ProcessAllRepUnits Sub Flow''' AppendNewLine: True IfFileExists: File.IfFileExists.Append Encoding: File.FileEncoding.Unicode\r\n    END\r\nEND FUNCTION\r\nFUNCTION ExtractData GLOBAL\r\n    BLOCK \r\nON BLOCK ERROR\r\n    SET boolexceptionFlag TO $'''True'''\r\n    THROW ERROR\r\nEND\r\n        DateTime.GetCurrentDateTime.Local DateTimeFormat: DateTime.DateTimeFormat.DateAndTime CurrentDateTime=&gt; timestampCurrentDateTime\r\n        DISABLE File.WriteText File: strcurrentLogFile TextToWrite: $'''%timestampCurrentDateTime% -- Starting ExtractData Sub Flow for Rep Unit %streachRepUnit%''' AppendNewLine: True IfFileExists: File.IfFileExists.Append Encoding: File.FileEncoding.Unicode\r\n        @@copilotGeneratedAction: 'False'\r\nScripting.RunVBScript.RunVBScript VBScriptCode: $'''\\' Close any existing Excel instances\r\nOn Error Resume Next  \\' Enable error handling\r\nDim excelApp\r\nSet excelApp = GetObject(, \\\"Excel.Application\\\")\r\n\r\nIf Not excelApp Is Nothing Then\r\n    excelApp.Quit\r\n    Set excelApp = Nothing\r\nEnd If\r\nOn Error GoTo 0  \\' Disable error handling\r\n\r\n\\' Create Excel application object\r\nDim objExcel\r\nSet objExcel = CreateObject(\\\"Excel.Application\\\")\r\nobjExcel.Visible = True  \\' Make Excel visible for debugging purposes\r\n\r\n\\' Open the input Excel file\r\nDim inputFilePath\r\ninputFilePath = \\\"%strrepUnitInputFile%\\\"\r\nDim inputWorkbook\r\nSet inputWorkbook = objExcel.Workbooks.Open(inputFilePath)\r\n\r\n\\' Open the output Excel file\r\nDim outputFilePath\r\noutputFilePath = \\\"%strcurrentProcessingFile%\\\"\r\nDim outputWorkbook\r\nSet outputWorkbook = objExcel.Workbooks.Open(outputFilePath)\r\n\r\n\\' Input: Comma-separated list of column numbers\r\nDim columnNumbersInput, columnNumbersArray\r\ncolumnNumbersInput = \\\"%listcommaSeparatedMappingCols%\\\"\r\ncolumnNumbersArray = Split(columnNumbersInput, \\\",\\\")\r\n\r\n\\' Input: Comma-separated string of sheet name and starting row\r\nDim inputSheetAndRow, inputSheetAndRowArray, inputWorksheet, inputDataStartRow\r\ninputSheetAndRow = \\\"%strinputExcelSheetAndRow%\\\"\r\ninputSheetAndRowArray = Split(inputSheetAndRow, \\\",\\\")\r\n\r\n\\' Fetch relevant columns from input Excel file (using the specified sheet and starting row)\r\nSet inputWorksheet = inputWorkbook.Sheets(inputSheetAndRowArray(0))\r\ninputDataStartRow = CInt(inputSheetAndRowArray(1))\r\n\r\n\\' Fetch relevant columns from output Excel file (using the active sheet)\r\nDim outputWorksheet, firstBlankRow\r\nSet outputWorksheet = outputWorkbook.Worksheets(1)\r\n\r\n\\' Set the first completely blank row in the output Excel file based on the specified row number\r\nfirstBlankRow = %strBlankRow%\r\n\r\n\\' Iterate over the specified column numbers\r\nDim outerLoopIndex, outputColumn\r\nFor outerLoopIndex = LBound(columnNumbersArray) To UBound(columnNumbersArray)\r\n    If IsNumeric(columnNumbersArray(outerLoopIndex)) Then\r\n        \\' If a numeric column number is specified, copy data from the input column to the output column\r\n        outputColumn = CInt(columnNumbersArray(outerLoopIndex))\r\n        \r\n        Dim lastRow\r\n        lastRow = inputWorksheet.Cells(inputWorksheet.Rows.Count, outputColumn).End(-4162).Row\r\n        If lastRow &gt;= inputDataStartRow Then\r\n            \\' Copy data only if the column is not \\\"N/A\\\"\r\n            If columnNumbersArray(outerLoopIndex) &lt;&gt; \\\"N/A\\\" Then\r\n                inputWorksheet.Range(inputWorksheet.Cells(inputDataStartRow, outputColumn), inputWorksheet.Cells(lastRow, outputColumn)).Copy\r\n                outputWorksheet.Cells(firstBlankRow, outerLoopIndex + 1).PasteSpecial -4163 \\' -4163 corresponds to xlPasteValues\r\n            Else\r\n                \\' Set the output column to \\\"N/A\\\" for all rows\r\n                outputWorksheet.Range(outputWorksheet.Cells(firstBlankRow, outerLoopIndex + 1), outputWorksheet.Cells(outputWorksheet.UsedRange.Rows.Count, outerLoopIndex + 1)).Value = \\\"N/A\\\"\r\n            End If\r\n        End If\r\n    Else\r\n        \\' If \\'N/A\\' is specified, set the output column to \\'N/A\\' for all rows\r\n        outputWorksheet.Range(outputWorksheet.Cells(firstBlankRow, outerLoopIndex + 1), outputWorksheet.Cells(outputWorksheet.UsedRange.Rows.Count, outerLoopIndex + 1)).Value = \\\"N/A\\\"\r\n    End If\r\nNext\r\n\r\n\r\n\\' Set the value of Column Q for all rows\r\noutputWorksheet.Range(\\\"Q\\\" &amp; firstBlankRow &amp; \\\":Q\\\" &amp; outputWorksheet.UsedRange.Rows.Count).Value = \\\"%streachRepUnit%\\\"\r\n\r\n\\' Set the value of Column R for all rows as the last day of the previous month\r\nDim lastDayOfPreviousMonth\r\nlastDayOfPreviousMonth = DateSerial(Year(Date), Month(Date), 0)\r\noutputWorksheet.Range(\\\"R\\\" &amp; firstBlankRow &amp; \\\":R\\\" &amp; outputWorksheet.UsedRange.Rows.Count).Value = lastDayOfPreviousMonth\r\n\r\n\\' Format cells in Column 5,6 as date\r\noutputWorksheet.Range(\\\"E:E\\\").NumberFormat = \\\"DD-MM-YY\\\"\r\noutputWorksheet.Range(\\\"F:F\\\").NumberFormat = \\\"DD-MM-YY\\\"\r\noutputWorksheet.Range(\\\"I:I\\\").NumberFormat = \\\"DD-MM-YY\\\"\r\noutputWorksheet.Range(\\\"J:J\\\").NumberFormat = \\\"DD-MM-YY\\\"\r\noutputWorksheet.Range(\\\"N:N\\\").NumberFormat = \\\"DD-MM-YY\\\"\r\noutputWorksheet.Range(\\\"R:R\\\").NumberFormat = \\\"DD-MM-YY\\\"\r\noutputWorksheet.Range(\\\"O:O\\\").NumberFormat = \\\"DD-MM-YY\\\"\r\n\\' Save changes to the output Excel file\r\noutputWorkbook.Save\r\n\r\n\r\n\\' Clean up\r\ninputWorkbook.Close False\r\noutputWorkbook.Close True\r\nobjExcel.Quit\r\nSet inputWorkbook = Nothing\r\nSet outputWorkbook = Nothing\r\nSet objExcel = Nothing''' ScriptOutput=&gt; strvbScriptOutput2 ScriptError=&gt; strvbScriptError\r\n        Text.Trim Text: strvbScriptError TrimOption: Text.TrimOption.Both TrimmedText=&gt; strvbScriptError\r\n        DateTime.GetCurrentDateTime.Local DateTimeFormat: DateTime.DateTimeFormat.DateAndTime CurrentDateTime=&gt; timestampCurrentDateTime\r\n        DISABLE Display.ShowMessageDialog.ShowMessage Message: strvbScriptError Icon: Display.Icon.None Buttons: Display.Buttons.OK DefaultButton: Display.DefaultButton.Button1 IsTopMost: False ButtonPressed=&gt; ButtonPressed2\r\n        DISABLE File.WriteText File: strcurrentLogFile TextToWrite: $'''%timestampCurrentDateTime% -- Completed ExtractData Sub Flow for Rep Unit %streachRepUnit%''' AppendNewLine: True IfFileExists: File.IfFileExists.Append Encoding: File.FileEncoding.Unicode\r\n    END\r\nEND FUNCTION\r\nFUNCTION IdentifyInputFile GLOBAL\r\n    BLOCK \r\nON BLOCK ERROR\r\n    SET boolexceptionFlag TO $'''True'''\r\n    THROW ERROR\r\nEND\r\n        SET strrepUnitInputFile TO $'''NULL'''\r\n        DateTime.GetCurrentDateTime.Local DateTimeFormat: DateTime.DateTimeFormat.DateAndTime CurrentDateTime=&gt; timestampCurrentDateTime\r\n        DISABLE File.WriteText File: strcurrentLogFile TextToWrite: $'''%timestampCurrentDateTime% -- Starting IdentifyInputFile Sub Flow''' AppendNewLine: True IfFileExists: File.IfFileExists.Append Encoding: File.FileEncoding.Unicode\r\n        IF Contains(streachRepUnit, $'''BRU''', True) THEN\r\n            Folder.GetFiles Folder: $'''%strInputActualPath%\\\\1618-BRU''' FileFilter: $'''*.xlsx''' IncludeSubfolders: False FailOnAccessDenied: True SortBy1: Folder.SortBy.CreationTime SortDescending1: True SortBy2: Folder.SortBy.NoSort SortDescending2: False SortBy3: Folder.SortBy.NoSort SortDescending3: False Files=&gt; listretrievedInputFiles\r\n        ELSE\r\n            Folder.GetFiles Folder: $'''%strInputActualPath%\\\\%streachRepUnit%''' FileFilter: $'''*.xlsx''' IncludeSubfolders: False FailOnAccessDenied: True SortBy1: Folder.SortBy.CreationTime SortDescending1: True SortBy2: Folder.SortBy.NoSort SortDescending2: False SortBy3: Folder.SortBy.NoSort SortDescending3: False Files=&gt; listretrievedInputFiles\r\n        END\r\n        LOOP FOREACH strretrievedInputFile IN listretrievedInputFiles\r\n            SET strrepUnitInputFile TO strretrievedInputFile.FullName\r\n            EXIT LOOP\r\n        END\r\n        Text.Trim Text: strrepUnitInputFile TrimOption: Text.TrimOption.Both TrimmedText=&gt; strrepUnitInputFile\r\n        DateTime.GetCurrentDateTime.Local DateTimeFormat: DateTime.DateTimeFormat.DateAndTime CurrentDateTime=&gt; timestampCurrentDateTime\r\n        DISABLE File.WriteText File: strcurrentLogFile TextToWrite: $'''%timestampCurrentDateTime% -- Completed IdentifyInputFile Sub Flow''' AppendNewLine: True IfFileExists: File.IfFileExists.Append Encoding: File.FileEncoding.Unicode\r\n    END\r\nEND FUNCTION\r\nFUNCTION InsertDatatoDatabase GLOBAL\r\n    BLOCK \r\nON BLOCK ERROR\r\n    SET boolexceptionFlag TO $'''True'''\r\n    THROW ERROR\r\nEND\r\n        DateTime.GetCurrentDateTime.Local DateTimeFormat: DateTime.DateTimeFormat.DateAndTime CurrentDateTime=&gt; timestampCurrentDateTime\r\n        DISABLE File.WriteText File: strcurrentLogFile TextToWrite: $'''%timestampCurrentDateTime% -- Starting InsertDatatoDatabase Sub Flow''' AppendNewLine: True IfFileExists: File.IfFileExists.Append Encoding: File.FileEncoding.Unicode\r\n        DISABLE SET strDBConnectionString TO $'''Provider=SQLOLEDB;Password=Jwi$28KqNu23Dre;Persist Security Info=True;User ID=powerautorpaservice;Initial Catalog=gkninvoicesubmission_test;Data Source=dlbrusr207'''\r\n        Database.Connect ConnectionString: strDBConnectionString Connection=&gt; dbconnectionP2P\r\n        DateTime.GetCurrentDateTime.Local DateTimeFormat: DateTime.DateTimeFormat.DateAndTime CurrentDateTime=&gt; timestampCurrentDateTime\r\n        Excel.LaunchExcel.LaunchAndOpenUnderExistingProcess Path: $'''C:\\\\GKN_P2PReporting\\\\ProcessingFolder\\\\RawData_2023-12-14_13_33_57.xlsx''' Visible: True ReadOnly: True Instance=&gt; excelInstance\r\n        Excel.ReadFromExcel.ReadAllCells Instance: excelInstance ReadAsText: False FirstLineIsHeader: True RangeValue=&gt; tblexcelData\r\n        LOOP FOREACH excelrowData IN tblexcelData\r\n            SET strsite TO excelrowData[16]\r\n            SET strsupplierCode TO excelrowData[0]\r\n            SET strsupplierName TO excelrowData[1]\r\n            Text.Replace Text: strsupplierName TextToFind: $'''\\\"''' IsRegEx: False IgnoreCase: False ReplaceWith: $'''\\'''' ActivateEscapeSequences: False Result=&gt; strsupplierName\r\n            Text.Replace Text: strsupplierName TextToFind: $'''\\'''' IsRegEx: False IgnoreCase: False ReplaceWith: $'''_''' ActivateEscapeSequences: False Result=&gt; strsupplierName\r\n            SET strinvoiceNum TO excelrowData[2]\r\n            Text.Replace Text: strinvoiceNum TextToFind: $'''\\\"''' IsRegEx: False IgnoreCase: False ReplaceWith: $'''\\'''' ActivateEscapeSequences: False Result=&gt; strinvoiceNum\r\n            Text.Replace Text: strinvoiceNum TextToFind: $'''\\'''' IsRegEx: False IgnoreCase: False ReplaceWith: $'''_''' ActivateEscapeSequences: False Result=&gt; strinvoiceNum\r\n            SET strinvoiceCur TO excelrowData[3]\r\n            SET datereceivedDate TO excelrowData[4]\r\n            SET dateinvoiceDate TO excelrowData[5]\r\n            SET numinvAmtPri TO excelrowData[6]\r\n            SET strReasonComment TO excelrowData[7]\r\n            Text.Replace Text: strReasonComment TextToFind: $'''\\\"''' IsRegEx: False IgnoreCase: False ReplaceWith: $'''\\'''' ActivateEscapeSequences: False Result=&gt; strReasonComment\r\n            Text.Replace Text: strReasonComment TextToFind: $'''\\'''' IsRegEx: False IgnoreCase: False ReplaceWith: $'''_''' ActivateEscapeSequences: False Result=&gt; strReasonComment\r\n            SET datedueDate TO excelrowData[8]\r\n            SET datepaymentRunDate TO excelrowData[9]\r\n            SET strpoNumber TO excelrowData[10]\r\n            SET strinvoiceStatus TO excelrowData[11]\r\n            SET numinvAmtSec TO excelrowData[12]\r\n            SET daterecDateSec TO excelrowData[13]\r\n            SET strreasonCommentSec TO excelrowData[14]\r\n            Text.Replace Text: strreasonCommentSec TextToFind: $'''\\\"''' IsRegEx: False IgnoreCase: False ReplaceWith: $'''\\'''' ActivateEscapeSequences: False Result=&gt; strreasonCommentSec\r\n            Text.Replace Text: strreasonCommentSec TextToFind: $'''\\'''' IsRegEx: False IgnoreCase: False ReplaceWith: $'''_''' ActivateEscapeSequences: False Result=&gt; strreasonCommentSec\r\n            SET strpaymentTermsCode TO excelrowData[15]\r\n            SET strreportingDate TO excelrowData[17]\r\n            SET boolexceptionFlag TO $'''False'''\r\n            BLOCK \r\nON BLOCK ERROR\r\n    SET boolexceptionFlag TO $'''True'''\r\nEND\r\n                IF Contains(strsite, $'''1618-BRU''', True) THEN\r\n                    IF Contains(strsite, $'''Wingest''', False) THEN\r\n                        Database.ExecuteSqlStatement.Execute Connection: dbconnectionP2P Statement: $'''insert into P2PRawDataTest values(\\'%strsupplierCode%\\',\\'%strsupplierName%\\', \\'%strinvoiceNum%\\', \\'%strinvoiceCur%\\', \r\ndbo.P2PParseDate(\\'%datereceivedDate%\\'),dbo.P2PParseDate(\\'%dateinvoiceDate%\\'),dbo.P2PParseInvoiceAmount(\\'%numinvAmtPri%\\'),\\'%strReasonComment%\\', dbo.P2PParseDate(\\'%datedueDate%\\') , dbo.P2PParseDate(\\'%datepaymentRunDate%\\'),\\'%strpoNumber%\\',\r\n\\'%strinvoiceStatus%\\', dbo.P2PParseInvoiceAmount(\\'%numinvAmtSec%\\') , dbo.P2PParseDate(\\'%daterecDateSec%\\'),\\'%strreasonCommentSec%\\',\r\n\\'%strpaymentTermsCode%\\',\\'1618-BRU\\',\\'%strreportingDate%\\',CAST(GETDATE() AS DATE),\\'New\\',\\'Wingest\\')''' Timeout: 30 Result=&gt; dbqueryQueryResult2\r\n                    ELSE\r\n                        Database.ExecuteSqlStatement.Execute Connection: dbconnectionP2P Statement: $'''insert into P2PRawDataTest values(\\'%strsupplierCode%\\',\\'%strsupplierName%\\', \\'%strinvoiceNum%\\', \\'%strinvoiceCur%\\', \r\ndbo.P2PParseDate(\\'%datereceivedDate%\\'),dbo.P2PParseDate(\\'%dateinvoiceDate%\\'),dbo.P2PParseInvoiceAmount(\\'%numinvAmtPri%\\'),\\'%strReasonComment%\\', dbo.P2PParseDate(\\'%datedueDate%\\') , dbo.P2PParseDate(\\'%datepaymentRunDate%\\'),\\'%strpoNumber%\\',\r\n\\'%strinvoiceStatus%\\', dbo.P2PParseInvoiceAmount(\\'%numinvAmtSec%\\') , dbo.P2PParseDate(\\'%daterecDateSec%\\'),\\'%strreasonCommentSec%\\',\r\n\\'%strpaymentTermsCode%\\',\\'1618-BRU\\',\\'%strreportingDate%\\',CAST(GETDATE() AS DATE),\\'New\\',\\'D3\\')''' Timeout: 30 Result=&gt; dbqueryQueryResult2\r\n                    END\r\n                ELSE\r\n                    Database.ExecuteSqlStatement.Execute Connection: dbconnectionP2P Statement: $'''insert into P2PRawDataTest values(\\'%strsupplierCode%\\',\\'%strsupplierName%\\', \\'%strinvoiceNum%\\', \\'%strinvoiceCur%\\', \r\ndbo.P2PParseDate(\\'%datereceivedDate%\\'),dbo.P2PParseDate(\\'%dateinvoiceDate%\\'),dbo.P2PParseInvoiceAmount(\\'%numinvAmtPri%\\'),\\'%strReasonComment%\\', dbo.P2PParseDate(\\'%datedueDate%\\') , dbo.P2PParseDate(\\'%datepaymentRunDate%\\'),\\'%strpoNumber%\\',\r\n\\'%strinvoiceStatus%\\', dbo.P2PParseInvoiceAmount(\\'%numinvAmtSec%\\') , dbo.P2PParseDate(\\'%daterecDateSec%\\'),\\'%strreasonCommentSec%\\',\r\n\\'%strpaymentTermsCode%\\',\\'%strsite%\\',\\'%strreportingDate%\\',CAST(GETDATE() AS DATE),\\'New\\',NULL)''' Timeout: 30 Result=&gt; dbqueryQueryResult2\r\n                END\r\n            END\r\n            DISABLE IF boolexceptionFlag = $'''True''' THEN\r\n                DISABLE File.WriteText File: strcurrentLogFile TextToWrite: $'''%timestampCurrentDateTime% -- Error in InsertDatatoDatabase Sub Flow - Query failed - insert into P2PRawDataTest values(\\'%strsupplierCode%\\',\\'%strsupplierName%\\', \\'%strinvoiceNum%\\', \\'%strinvoiceCur%\\', \r\ndbo.P2PParseDate(\\'%datereceivedDate%\\'),dbo.P2PParseDate(\\'%dateinvoiceDate%\\'),dbo.P2PParseInvoiceAmount(\\'%numinvAmtPri%\\'),\\'%strReasonComment%\\', \r\ndbo.P2PParseDate(\\'%datedueDate%\\') , dbo.P2PParseDate(\\'%datepaymentRunDate%\\'),\\'%strpoNumber%\\',\\'%strinvoiceStatus%\\', \r\ndbo.P2PParseInvoiceAmount(\\'%numinvAmtSec%\\') , dbo.P2PParseDate(\\'%daterecDateSec%\\'),\\'%strreasonCommentSec%\\',\r\n\\'%strpaymentTermsCode%\\',\\'%strsite%\\',\\'%strreportingDate%\\',CAST(GETDATE() AS DATE),\\'New\\',NULL)''' AppendNewLine: True IfFileExists: File.IfFileExists.Append Encoding: File.FileEncoding.Unicode\r\n            DISABLE END\r\n        END\r\n        Excel.CloseExcel.Close Instance: excelInstance\r\n        DateTime.GetCurrentDateTime.Local DateTimeFormat: DateTime.DateTimeFormat.DateAndTime CurrentDateTime=&gt; timestampCurrentDateTime\r\n        DISABLE File.WriteText File: strcurrentLogFile TextToWrite: $'''%timestampCurrentDateTime% -- Completed InsertDatatoDatabase Sub Flow''' AppendNewLine: True IfFileExists: File.IfFileExists.Append Encoding: File.FileEncoding.Unicode\r\n    END\r\nEND FUNCTION\r\n"</Definition>
      <SchemaVersion>2022.06</SchemaVersion>
      <DesktopFlowModules>[]</DesktopFlowModules>
      <PrimaryEntity>none</PrimaryEntity>
      <LocalizedNames>
        <LocalizedName languagecode="1033" description="GKN_P2PReporting_Main" />
      </LocalizedNames>
    </Workflow>
  </Workflows>
  <FieldSecurityProfiles></FieldSecurityProfiles>
  <Templates />
  <EntityMaps />
  <EntityRelationships />
  <OrganizationSettings />
  <optionsets />
  <CustomControls />
  <EntityDataProviders />
  <Languages>
    <Language>1033</Language>
  </Languages>
</ImportExportXml>